{"test_loss": 0.08618498515212335, "char_error_rate": 0.02211538515985012}