{"test_loss": 0.13972699326964524, "char_error_rate": 0.05384615436196327}